Date;Price;Open;High;Low;Vol.;Change %
12/21/2023;194.42;195.04;197.10;193.26;386.79K;-0.78%
12/20/2023;195.94;194.40;196.36;191.76;484.78K;1.31%
12/19/2023;193.40;192.00;193.40;190.84;396.22K;0.60%
12/18/2023;192.24;191.10;192.24;189.78;341.04K;-0.15%
12/15/2023;192.52;197.98;198.60;190.72;1.29M;-2.47%
12/14/2023;197.40;198.38;198.80;194.86;785.40K;1.75%
12/13/2023;194.00;194.42;196.04;193.64;414.85K;0.28%
12/12/2023;193.46;194.20;196.04;193.26;352.64K;-0.28%
12/11/2023;194.00;193.44;194.46;192.76;446.25K;0.33%
12/08/2023;193.36;192.44;194.84;191.70;572.33K;1.18%
12/07/2023;191.10;196.00;196.20;188.44;788.37K;-2.99%
12/06/2023;197.00;196.00;198.34;194.30;355.90K;0.88%
12/05/2023;195.28;194.40;195.88;193.38;359.29K;0.33%
12/04/2023;194.64;194.30;196.12;192.98;374.62K;0.21%
12/01/2023;194.24;192.40;194.60;191.94;399.39K;1.09%
11/30/2023;192.14;193.96;194.66;191.20;682.00K;-0.30%
11/29/2023;192.72;187.94;193.84;187.62;739.65K;3.25%
11/28/2023;186.66;184.00;186.82;183.46;334.52K;0.77%
11/27/2023;185.24;184.58;185.58;183.54;288.53K;0.43%
11/24/2023;184.44;185.80;185.98;183.28;300.66K;-0.72%
11/23/2023;185.78;186.72;187.30;185.00;241.49K;-0.84%
11/22/2023;187.36;185.80;187.40;185.08;449.63K;1.20%
11/21/2023;185.14;183.08;187.32;183.08;581.17K;1.89%
11/20/2023;181.70;180.00;183.78;179.94;460.64K;1.15%
11/17/2023;179.64;176.60;181.46;176.56;582.99K;1.74%
11/16/2023;176.56;178.36;179.58;175.68;447.88K;-1.32%
11/15/2023;178.92;180.00;180.92;177.26;518.24K;-0.06%
11/14/2023;179.02;170.04;179.50;169.64;972.84K;5.26%
11/13/2023;170.08;171.24;171.80;168.46;414.17K;-0.48%
11/10/2023;170.90;172.16;172.66;169.34;538.29K;-1.77%
11/09/2023;173.98;168.72;174.76;167.28;649.81K;2.57%
11/08/2023;169.62;172.70;174.12;167.36;924.85K;-1.31%
11/07/2023;171.88;171.26;172.60;169.40;479.41K;-0.07%
11/06/2023;172.00;171.02;173.32;171.02;353.00K;0.89%
11/03/2023;170.48;172.82;173.70;168.50;637.88K;-0.41%
11/02/2023;171.18;169.40;174.08;168.64;539.24K;2.50%
11/01/2023;167.00;168.30;168.42;165.08;290.83K;-0.12%
10/31/2023;167.20;166.28;167.74;165.24;381.83K;0.46%
10/30/2023;166.44;166.98;167.88;165.88;271.50K;0.08%
10/27/2023;166.30;166.34;167.42;163.56;393.51K;-0.10%
10/26/2023;166.46;167.44;169.12;165.70;511.18K;-2.94%
10/25/2023;171.50;170.60;172.24;169.10;430.29K;-0.30%
10/24/2023;172.02;172.72;174.08;169.42;575.15K;1.79%
10/23/2023;169.00;170.08;170.58;166.04;369.99K;-0.59%
10/20/2023;170.00;171.90;173.36;169.40;632.94K;-2.48%
10/19/2023;174.32;175.28;177.34;173.80;452.87K;-1.16%
10/18/2023;176.36;179.00;180.00;175.94;838.42K;3.16%
10/17/2023;170.96;169.94;171.30;168.22;269.61K;0.33%
10/16/2023;170.40;168.06;172.08;165.16;373.24K;1.68%
10/13/2023;167.58;169.26;170.50;167.50;399.15K;-1.39%
10/12/2023;169.94;170.74;172.76;169.64;406.61K;0.17%
10/11/2023;169.66;167.92;172.44;166.90;482.92K;-0.12%
10/10/2023;169.86;168.18;172.36;167.80;549.88K;2.26%
10/09/2023;166.10;157.98;167.80;157.70;717.68K;4.31%
10/06/2023;159.24;156.28;159.92;155.30;533.80K;1.97%
10/05/2023;156.16;162.40;163.18;154.64;817.31K;-3.68%
10/04/2023;162.12;159.50;162.70;158.34;339.49K;0.87%
10/03/2023;160.72;163.44;164.18;160.22;415.39K;-2.36%
10/02/2023;164.60;166.46;168.54;164.42;473.42K;-1.21%
09/29/2023;166.62;167.00;168.52;164.56;1.04M;6.22%
09/28/2023;156.86;157.48;157.60;155.24;501.69K;-0.48%
09/27/2023;157.62;160.00;160.80;157.36;444.21K;-1.45%
09/26/2023;159.94;160.50;162.20;159.20;450.63K;-1.03%
09/25/2023;161.60;162.08;164.18;160.58;440.42K;-1.34%
09/22/2023;163.80;161.56;164.24;161.22;479.32K;0.61%
09/21/2023;162.80;164.90;168.06;162.18;548.44K;-2.40%
09/20/2023;166.80;165.12;167.52;164.04;470.97K;0.81%
09/19/2023;165.46;168.68;168.68;163.82;491.22K;-2.44%
09/18/2023;169.60;173.64;174.66;168.78;326.00K;-2.57%
09/15/2023;174.08;173.26;175.08;172.28;1.19M;1.86%
09/14/2023;170.90;172.48;173.60;168.22;558.71K;-0.12%
09/13/2023;171.10;173.46;173.46;166.68;853.64K;-1.91%
09/12/2023;174.44;178.00;178.22;173.94;459.67K;-1.91%
09/11/2023;177.84;177.50;178.56;174.58;512.12K;1.06%
09/08/2023;175.98;177.64;178.26;174.20;517.21K;-0.06%
09/07/2023;176.08;180.90;180.90;174.10;623.19K;-3.23%
09/06/2023;181.96;181.82;184.24;181.08;337.92K;-0.50%
09/05/2023;182.88;183.84;185.04;180.46;456.48K;-1.60%
09/04/2023;185.86;186.18;188.48;184.88;265.82K;0.76%
09/01/2023;184.46;183.40;186.10;182.70;368.56K;0.02%
08/31/2023;184.42;183.50;186.44;182.54;569.16K;0.53%
08/30/2023;183.44;181.72;184.06;179.92;298.73K;1.06%
08/29/2023;181.52;178.74;182.18;177.36;387.81K;2.09%
08/28/2023;177.80;177.78;178.50;175.36;215.10K;0.77%
08/25/2023;176.44;174.78;179.50;173.96;457.45K;0.11%
08/24/2023;176.24;179.64;181.48;175.16;464.33K;-0.94%
08/23/2023;177.92;184.82;185.74;171.74;1.21M;-3.30%
08/22/2023;184.00;185.36;187.62;181.32;581.19K;0.14%
08/21/2023;183.74;184.40;188.60;183.28;326.32K;0.08%
08/18/2023;183.60;183.52;184.34;181.48;449.75K;-0.76%
08/17/2023;185.00;184.00;188.30;184.00;520.00K;-0.04%
08/16/2023;185.08;179.12;185.08;178.64;463.15K;2.97%
08/15/2023;179.74;181.00;182.78;177.08;390.40K;0.86%
08/14/2023;178.20;177.42;179.66;176.70;214.66K;0.15%
08/11/2023;177.94;181.00;181.76;177.46;367.40K;-2.47%
08/10/2023;182.44;179.44;183.10;178.44;382.53K;2.97%
08/09/2023;177.18;178.36;179.50;176.84;201.91K;0.87%
08/08/2023;175.66;178.98;178.98;174.56;366.70K;-2.10%
08/07/2023;179.42;179.82;180.14;177.56;342.36K;-1.02%
08/04/2023;181.26;182.00;182.38;178.72;317.69K;0.98%
08/03/2023;179.50;181.50;182.96;175.88;519.23K;0.47%
08/02/2023;178.66;179.00;181.04;177.40;421.72K;-2.06%
08/01/2023;182.42;184.00;184.26;182.42;294.02K;-0.86%
07/31/2023;184.00;185.20;187.28;183.84;443.00K;-0.62%
07/28/2023;185.14;181.54;186.08;179.62;430.36K;1.67%
07/27/2023;182.10;179.28;182.36;177.96;513.09K;2.60%
07/26/2023;177.48;179.00;180.44;176.96;526.31K;-2.21%
07/25/2023;181.50;181.00;186.54;179.44;1.04M;3.83%
07/24/2023;174.80;172.84;175.84;172.50;410.07K;1.22%
07/21/2023;172.70;170.42;172.88;170.38;399.08K;0.99%
07/20/2023;171.00;171.28;172.52;169.94;468.35K;-0.75%
07/19/2023;172.30;175.64;176.40;171.90;377.98K;-0.66%
07/18/2023;173.44;173.28;173.66;172.28;372.68K;0.46%
07/17/2023;172.64;171.72;173.68;170.74;334.87K;-0.36%
07/14/2023;173.26;173.16;173.66;171.80;325.20K;-0.44%
07/13/2023;174.02;174.90;175.30;172.50;302.44K;-0.07%
07/12/2023;174.14;171.76;174.56;170.36;315.72K;1.47%
07/11/2023;171.62;169.50;171.90;167.40;316.08K;2.56%
07/10/2023;167.34;167.28;167.34;165.20;233.52K;0.43%
07/07/2023;166.62;165.74;168.10;163.90;395.59K;1.14%
07/06/2023;164.74;170.94;170.94;163.88;695.46K;-5.55%
07/05/2023;174.42;178.08;178.74;173.84;448.74K;-2.36%
07/04/2023;178.64;177.42;180.50;176.78;297.68K;1.14%
07/03/2023;176.62;179.32;179.44;174.18;378.15K;-0.65%
06/30/2023;177.78;171.72;179.20;169.80;854.66K;2.46%
06/29/2023;173.52;172.30;173.52;170.66;379.20K;0.61%
06/28/2023;172.46;173.00;175.70;171.76;340.37K;-0.63%
06/27/2023;173.56;175.62;176.42;172.62;456.46K;-1.71%
06/26/2023;176.58;178.36;178.88;175.28;319.65K;-0.17%
06/23/2023;176.88;180.88;181.88;174.78;496.17K;-2.48%
06/22/2023;181.38;175.06;181.78;174.50;627.62K;2.66%
06/21/2023;176.68;172.10;177.44;171.64;633.35K;4.27%
06/20/2023;169.44;171.12;172.44;168.94;289.56K;-1.58%
06/19/2023;172.16;171.78;174.02;170.76;246.23K;-1.52%
06/16/2023;174.82;175.00;176.98;173.18;978.00K;0.37%
06/15/2023;174.18;174.62;178.82;172.34;443.80K;-0.30%
06/14/2023;174.70;173.56;174.88;172.86;387.75K;1.10%
06/13/2023;172.80;170.00;174.00;169.90;590.95K;2.35%
06/12/2023;168.84;163.34;169.12;162.82;603.05K;5.52%
06/09/2023;160.00;159.06;161.18;158.30;318.43K;0.62%
06/08/2023;159.02;157.54;160.00;157.38;226.50K;-0.15%
06/07/2023;159.26;159.60;161.70;158.66;313.97K;-0.26%
06/06/2023;159.68;157.66;160.04;157.24;268.79K;0.87%
06/05/2023;158.30;159.12;160.34;157.70;313.51K;-0.76%
06/02/2023;159.52;153.30;160.04;153.30;605.37K;5.82%
06/01/2023;150.74;152.96;153.36;147.62;385.63K;-0.50%
05/31/2023;151.50;153.38;154.18;151.16;889.03K;-2.48%
05/30/2023;155.36;154.86;157.18;154.44;262.89K;0.67%
05/29/2023;154.32;156.64;156.64;153.50;137.83K;-0.72%
05/26/2023;155.44;154.00;155.96;151.96;268.45K;0.96%
05/25/2023;153.96;154.48;155.16;151.46;359.48K;-0.08%
05/24/2023;154.08;158.20;158.24;153.40;463.72K;-3.26%
05/23/2023;159.28;162.48;163.18;158.60;437.58K;-1.81%
05/22/2023;162.22;158.42;163.16;158.42;493.29K;2.01%
05/19/2023;159.02;165.04;165.22;157.82;1.16M;-3.30%
05/18/2023;164.44;164.88;166.26;162.84;271.52K;1.11%
05/17/2023;162.64;161.40;162.88;159.34;309.00K;0.32%
05/16/2023;162.12;165.36;166.40;161.50;457.41K;-2.44%
05/15/2023;166.18;166.28;166.60;164.94;280.87K;0.81%
05/12/2023;164.84;167.62;168.20;163.84;363.25K;-1.38%
05/11/2023;167.14;164.42;167.88;164.42;372.42K;2.09%
05/10/2023;163.72;164.94;166.06;162.48;360.59K;-1.08%
05/09/2023;165.50;169.12;170.44;165.08;502.09K;-2.47%
05/08/2023;169.70;170.50;171.94;167.42;422.70K;-0.38%
05/05/2023;170.34;161.50;172.44;160.82;1.45M;8.90%
05/04/2023;156.42;158.72;158.72;153.96;528.64K;-0.15%
05/03/2023;156.66;159.56;160.18;156.62;445.17K;-1.61%
05/02/2023;159.22;159.28;161.20;158.60;414.73K;-0.14%
04/28/2023;159.44;158.46;160.18;157.14;430.84K;0.83%
04/27/2023;158.12;159.18;160.40;157.28;381.91K;-0.70%
04/26/2023;159.24;160.00;160.68;156.32;433.31K;-0.54%
04/25/2023;160.10;160.58;160.78;159.10;284.60K;-0.78%
04/24/2023;161.36;163.74;164.92;161.36;334.24K;-1.31%
04/21/2023;163.50;160.52;163.52;160.06;389.12K;1.13%
04/20/2023;161.68;160.92;162.48;159.12;353.02K;-0.35%
04/19/2023;162.24;162.70;163.28;161.28;332.01K;-0.47%
04/18/2023;163.00;162.92;165.42;162.66;354.22K;0.26%
04/17/2023;162.58;165.60;165.96;162.10;396.31K;-1.82%
04/14/2023;165.60;163.28;166.74;162.92;517.59K;1.79%
04/13/2023;162.68;164.80;165.36;161.38;471.78K;-0.47%
04/12/2023;163.44;166.04;166.98;163.44;401.58K;-1.51%
04/11/2023;165.94;164.16;166.76;164.02;444.68K;1.31%
04/06/2023;163.80;163.74;164.92;162.46;489.07K;-0.12%
04/05/2023;164.00;164.30;165.70;162.56;549.01K;0.18%
04/04/2023;163.70;163.40;164.28;161.36;380.83K;0.40%
04/03/2023;163.04;162.96;164.80;161.60;529.15K;0.16%
03/31/2023;162.78;154.34;162.78;154.24;1.12M;5.02%
03/30/2023;155.00;147.36;155.02;147.36;803.08K;5.86%
03/29/2023;146.42;142.70;146.42;142.26;620.04K;3.71%
03/28/2023;141.18;142.82;144.44;140.46;450.63K;0.13%
03/27/2023;141.00;142.96;143.80;140.24;532.52K;-0.09%
03/24/2023;141.12;142.16;143.90;139.92;507.93K;-0.83%
03/23/2023;142.30;140.02;143.14;138.74;476.88K;0.92%
03/22/2023;141.00;141.90;142.26;139.18;868.62K;-1.12%
03/21/2023;142.60;143.00;144.52;141.76;820.79K;0.66%
03/20/2023;141.66;140.30;144.50;137.70;706.79K;0.44%
03/17/2023;141.04;142.68;144.40;140.02;1.32M;-0.63%
03/16/2023;141.94;143.56;145.04;137.54;744.97K;0.55%
03/15/2023;141.16;147.22;147.28;139.00;980.55K;-4.60%
03/14/2023;147.96;146.84;149.84;143.74;620.52K;1.40%
03/13/2023;145.92;149.82;151.22;143.70;759.19K;-2.47%
03/10/2023;149.62;150.92;151.20;146.72;777.86K;-1.48%
03/09/2023;151.86;145.82;153.06;144.60;937.87K;2.96%
03/08/2023;147.50;141.60;149.50;139.38;1.36M;2.12%
03/07/2023;144.44;145.98;147.00;144.12;537.00K;-1.46%
03/06/2023;146.58;146.24;147.70;144.80;465.04K;0.40%
03/03/2023;146.00;143.32;146.88;143.08;550.23K;2.10%
03/02/2023;143.00;139.90;143.66;139.08;551.55K;1.52%
03/01/2023;140.86;144.44;145.92;140.10;668.14K;-0.56%
02/28/2023;141.66;141.56;142.74;139.46;1.92M;2.39%
02/27/2023;138.36;140.20;141.24;138.36;633.00K;1.44%
02/24/2023;136.40;139.54;141.22;135.32;1.19M;-1.98%
02/23/2023;139.16;140.66;142.62;139.16;379.36K;-0.46%
02/22/2023;139.80;136.74;140.80;136.32;516.30K;1.73%
02/21/2023;137.42;140.20;140.32;136.94;658.81K;-2.39%
02/20/2023;140.78;144.18;144.24;140.00;335.60K;-1.91%
02/17/2023;143.52;141.70;143.90;141.20;559.31K;-0.97%
02/16/2023;144.92;143.22;146.96;143.02;747.28K;2.96%
02/15/2023;140.76;138.62;142.30;137.88;454.82K;1.40%
02/14/2023;138.82;140.68;141.80;138.12;603.33K;-0.83%
02/13/2023;139.98;137.80;142.40;137.52;701.56K;0.52%
02/10/2023;139.26;140.00;144.68;136.58;3.55M;-10.88%
02/09/2023;156.26;154.76;157.54;154.72;426.87K;1.47%
02/08/2023;154.00;154.80;157.12;153.26;506.92K;0.60%
02/07/2023;153.08;154.72;154.72;152.12;374.46K;-1.47%
02/06/2023;155.36;158.20;159.18;154.06;484.33K;-3.54%
02/03/2023;161.06;156.70;161.38;153.66;632.80K;1.99%
02/02/2023;157.92;149.34;158.68;149.34;997.23K;7.01%
02/01/2023;147.58;146.84;148.16;146.24;397.95K;0.14%
01/31/2023;147.38;146.40;147.58;145.08;477.84K;0.04%
01/30/2023;147.32;146.80;148.12;145.26;619.65K;-0.66%
01/27/2023;148.30;148.22;148.92;146.60;618.95K;2.08%
01/26/2023;145.28;146.40;148.08;144.84;500.69K;-0.15%
01/25/2023;145.50;148.10;148.68;144.94;499.92K;-2.17%
01/24/2023;148.72;149.08;150.06;147.98;306.60K;-0.03%
01/23/2023;148.76;147.30;149.08;145.50;373.06K;1.58%
01/20/2023;146.44;145.78;147.06;144.18;552.99K;1.60%
01/19/2023;144.14;146.78;147.54;143.84;655.33K;-3.57%
01/18/2023;149.48;151.22;151.54;148.74;432.71K;-0.76%
01/17/2023;150.62;148.00;152.28;147.70;500.54K;0.67%
01/16/2023;149.62;147.96;152.20;146.82;541.39K;2.12%
01/13/2023;146.52;145.98;148.44;145.30;483.06K;0.05%
01/12/2023;146.44;143.62;148.14;143.50;559.43K;1.31%
01/11/2023;144.54;141.28;146.80;140.86;808.60K;3.17%
01/10/2023;140.10;141.00;141.50;138.48;494.20K;-1.10%
01/09/2023;141.66;141.70;143.06;139.48;773.64K;0.70%
01/06/2023;140.68;139.58;140.68;137.20;518.33K;1.54%
01/05/2023;138.54;138.22;140.86;137.52;421.27K;0.12%
01/04/2023;138.38;132.20;138.88;132.20;870.76K;4.93%
01/03/2023;131.88;129.74;133.36;129.02;437.76K;3.27%
01/02/2023;127.70;128.34;128.66;126.20;278.89K;0.19%
12/30/2022;127.46;127.80;128.04;126.00;251.40K;-0.72%
12/29/2022;128.38;125.02;129.44;124.16;388.38K;2.07%
12/28/2022;125.78;126.34;129.06;125.78;279.43K;-0.44%
12/27/2022;126.34;126.96;127.16;125.30;224.48K;0.38%
12/23/2022;125.86;124.94;126.78;123.86;279.83K;0.56%
12/22/2022;125.16;124.90;127.20;124.40;366.13K;-0.90%
12/21/2022;126.30;122.50;129.36;122.50;885.43K;6.76%
12/20/2022;118.30;119.54;121.30;117.50;561.32K;-2.38%
12/19/2022;121.18;122.90;122.90;119.80;462.73K;0.07%
12/16/2022;121.10;117.96;122.52;116.66;1.55M;2.14%
12/15/2022;118.56;122.00;122.38;117.64;981.33K;-4.37%
12/14/2022;123.98;122.80;124.16;121.54;541.10K;-0.02%
12/13/2022;124.00;117.34;126.08;117.18;797.53K;5.53%
12/12/2022;117.50;117.70;118.24;115.80;386.18K;-1.18%
12/09/2022;118.90;118.38;119.96;117.38;519.14K;1.16%
12/08/2022;117.54;117.60;117.70;114.60;458.12K;-0.02%
12/07/2022;117.56;118.00;118.98;116.38;485.96K;-1.26%
12/06/2022;119.06;121.56;122.50;118.42;583.09K;-2.46%
12/05/2022;122.06;123.96;127.00;121.60;561.95K;-1.77%
12/02/2022;124.26;123.20;126.34;122.10;604.97K;-0.53%
12/01/2022;124.92;124.64;127.68;123.88;621.30K;2.18%
11/30/2022;122.26;122.00;123.08;120.80;737.95K;1.09%
11/29/2022;120.94;123.00;125.64;120.08;634.26K;-0.26%
11/28/2022;121.26;123.38;124.66;121.26;552.97K;-2.19%
11/25/2022;123.98;126.40;126.40;123.10;478.67K;-2.12%
11/24/2022;126.66;124.30;127.60;123.24;357.09K;1.90%
11/23/2022;124.30;123.30;125.14;121.84;425.77K;1.06%
11/22/2022;123.00;123.96;125.10;122.02;513.16K;-1.05%
11/21/2022;124.30;128.20;128.72;123.14;;-3.79%
11/18/2022;129.20;130.04;130.50;125.96;1.11M;0.12%
11/17/2022;129.04;130.00;130.90;127.84;521.37K;-0.52%
11/16/2022;129.72;131.70;133.24;129.10;757.18K;-1.82%
11/15/2022;132.12;132.48;132.68;127.66;1.06M;0.20%
11/14/2022;131.86;136.42;137.10;131.32;1.01M;-2.79%
11/11/2022;135.64;130.00;137.06;128.72;1.36M;5.97%
11/10/2022;128.00;121.80;129.20;119.76;1.36M;2.86%
11/09/2022;124.44;116.50;125.58;116.26;1.82M;3.70%
11/08/2022;120.00;114.00;120.48;111.50;1.83M;4.38%
11/07/2022;114.96;111.92;115.58;108.90;1.32M;0.81%
11/04/2022;114.04;96.00;121.26;94.97;4.10M;21.38%
11/03/2022;93.95;95.99;96.77;93.40;933.79K;-3.02%
11/02/2022;96.88;98.23;98.76;96.55;860.17K;-2.11%
11/01/2022;98.97;100.36;101.46;97.95;723.53K;-0.01%
10/31/2022;98.98;100.32;100.40;98.34;644.18K;-0.37%
10/28/2022;99.35;97.72;99.82;96.80;906.78K;0.01%
10/27/2022;99.34;100.02;103.20;99.26;1.20M;-2.61%
10/26/2022;102.00;100.54;102.46;97.20;1.32M;1.49%
10/25/2022;100.50;102.70;103.06;94.62;2.59M;-3.20%
10/24/2022;103.82;102.78;105.18;102.10;1.02M;-0.04%
10/21/2022;103.86;105.50;107.10;101.84;2.34M;-9.53%
10/20/2022;114.80;115.58;116.06;112.44;602.31K;-0.76%
10/19/2022;115.68;118.90;118.90;114.62;441.90K;-2.20%
10/18/2022;118.28;120.32;121.30;118.28;517.63K;0.08%
10/17/2022;118.18;114.30;119.06;112.36;611.80K;3.56%
10/14/2022;114.12;115.68;116.34;111.74;716.32K;0.88%
10/13/2022;113.12;109.90;114.74;107.46;970.73K;1.11%
10/12/2022;111.88;115.08;116.52;111.30;627.69K;-2.78%
10/11/2022;115.08;113.66;115.28;112.50;535.21K;0.74%
10/10/2022;114.24;113.94;117.94;113.22;687.81K;-1.14%
10/07/2022;115.56;118.26;120.76;115.56;1.01M;-5.17%
10/06/2022;121.86;123.20;125.58;121.14;685.23K;-0.77%
10/05/2022;122.80;125.56;127.44;121.92;775.57K;-2.69%
10/04/2022;126.20;120.66;126.20;119.68;759.90K;6.05%
10/03/2022;119.00;117.88;119.00;115.02;901.40K;0.10%
09/30/2022;118.88;120.28;121.04;116.74;1.46M;-4.14%
09/29/2022;124.02;129.12;129.44;122.82;989.29K;-4.78%
09/28/2022;130.24;125.38;130.98;124.36;1.02M;2.31%
09/27/2022;127.30;128.80;131.54;127.30;850.48K;-2.15%
09/26/2022;130.10;129.14;133.14;128.82;698.73K;-0.66%
09/23/2022;130.96;133.74;134.38;129.44;855.60K;-1.87%
09/22/2022;133.46;133.00;136.42;132.78;641.83K;-2.21%
09/21/2022;136.48;134.10;137.08;133.50;566.91K;0.55%
09/20/2022;135.74;137.60;138.66;134.10;718.57K;-0.70%
09/19/2022;136.70;135.30;138.40;133.32;536.22K;1.15%
09/16/2022;135.14;133.50;135.64;132.32;2.59M;-1.07%
09/15/2022;136.60;141.68;142.52;135.78;880.41K;-4.01%
09/14/2022;142.30;142.04;144.76;140.82;584.57K;-0.42%
09/13/2022;142.90;151.16;151.64;142.90;706.81K;-4.24%
09/12/2022;149.22;146.54;151.64;145.78;565.22K;2.66%
09/09/2022;145.36;142.28;146.76;141.76;625.11K;2.11%
09/08/2022;142.36;142.66;143.50;138.50;739.31K;0.27%
09/07/2022;141.98;143.00;143.84;140.02;811.12K;-1.65%
09/06/2022;144.36;142.82;146.74;142.70;490.25K;-0.58%
09/05/2022;145.20;144.06;146.06;142.44;539.46K;-2.08%
09/02/2022;148.28;147.22;149.12;143.36;618.11K;2.15%
09/01/2022;145.16;146.70;147.02;143.66;631.03K;-2.10%
08/31/2022;148.28;152.38;152.62;148.10;648.65K;-2.15%
08/30/2022;151.54;149.04;154.00;147.80;521.75K;2.20%
08/29/2022;148.28;150.10;151.60;148.28;605.03K;-2.15%
08/26/2022;151.54;159.42;159.50;150.46;633.01K;-4.09%
08/25/2022;158.00;160.00;160.36;156.92;350.21K;-0.53%
08/24/2022;158.84;155.50;159.10;153.52;405.10K;1.63%
08/23/2022;156.30;156.82;159.96;155.76;646.47K;-0.43%
08/22/2022;156.98;164.30;164.46;156.62;934.99K;-5.21%
08/19/2022;165.60;165.12;168.20;165.00;570.55K;-1.15%
08/18/2022;167.52;169.88;171.68;166.08;437.52K;-0.93%
08/17/2022;169.10;174.00;176.14;168.62;486.87K;-2.46%
08/16/2022;173.36;173.00;173.36;170.04;381.86K;0.24%
08/15/2022;172.94;173.98;174.96;171.32;223.31K;-0.15%
08/12/2022;173.20;171.90;173.28;170.14;451.16K;0.69%
08/11/2022;172.02;174.50;176.04;171.22;311.23K;-0.77%
08/10/2022;173.36;167.34;173.60;164.12;495.61K;2.58%
08/09/2022;169.00;175.62;176.20;169.00;588.22K;-3.48%
08/08/2022;175.10;173.00;175.54;172.32;347.83K;2.06%
08/05/2022;171.56;175.36;178.06;171.20;483.96K;-2.10%
08/04/2022;175.24;170.24;178.60;170.14;528.10K;2.48%
08/03/2022;171.00;166.20;171.28;165.32;533.33K;2.35%
08/02/2022;167.08;170.42;170.68;165.00;473.78K;-2.25%
08/01/2022;170.92;167.80;173.18;166.68;616.27K;1.86%
07/29/2022;167.80;164.82;167.80;162.88;954.28K;0.88%
07/28/2022;166.34;160.64;167.88;160.64;683.58K;3.28%
07/27/2022;161.06;163.24;165.36;159.40;1.36M;-5.10%
07/26/2022;169.72;174.80;175.36;169.42;573.99K;-3.58%
07/25/2022;176.02;175.14;178.80;174.66;295.12K;-0.34%
07/22/2022;176.62;174.82;179.62;174.00;529.73K;0.88%
07/21/2022;175.08;173.44;175.12;171.40;358.45K;0.68%
07/20/2022;173.90;176.56;178.14;171.86;603.91K;-1.15%
07/19/2022;175.92;164.00;175.92;163.46;869.02K;6.50%
07/18/2022;165.18;161.60;166.68;161.10;359.07K;2.62%
07/15/2022;160.96;155.16;160.96;153.68;660.24K;4.22%
07/14/2022;154.44;159.60;163.52;153.52;625.12K;-4.04%
07/13/2022;160.94;160.44;163.96;158.00;479.27K;0.17%
07/12/2022;160.66;161.50;161.78;158.76;506.95K;-1.48%
07/11/2022;163.08;165.10;166.70;162.12;459.04K;-3.19%
07/08/2022;168.46;168.54;169.70;165.26;565.20K;-0.48%
07/07/2022;169.28;164.74;169.84;164.34;593.40K;2.88%
07/06/2022;164.54;166.22;166.48;157.26;1.20M;-1.02%
07/05/2022;166.24;168.88;170.06;165.20;659.23K;-0.85%
07/04/2022;167.66;168.26;169.34;166.54;293.70K;0.01%
07/01/2022;167.64;166.82;169.80;165.70;541.62K;-0.66%
06/30/2022;168.76;167.88;169.18;165.16;810.13K;-0.74%
06/29/2022;170.02;167.06;171.98;166.76;610.80K;-0.18%
06/28/2022;170.32;171.24;173.14;169.46;877.39K;-0.91%
06/27/2022;171.88;172.20;175.84;171.24;512.51K;0.89%
06/24/2022;170.36;166.78;172.78;165.78;702.38K;1.98%
06/23/2022;167.06;163.96;168.16;163.60;778.65K;1.26%
06/22/2022;164.98;163.64;167.04;161.24;540.98K;-0.66%
06/21/2022;166.08;166.36;169.12;165.84;429.83K;-0.26%
06/20/2022;166.52;169.00;169.10;164.96;326.76K;0.31%
06/17/2022;166.00;162.94;167.60;162.32;1.32M;2.47%
06/16/2022;162.00;165.06;165.56;160.26;1.14M;-2.67%
06/15/2022;166.44;166.44;169.22;165.46;831.14K;1.15%
06/14/2022;164.54;167.40;169.50;164.54;1.06M;-3.03%
06/13/2022;169.68;172.04;174.68;169.48;776.50K;-3.43%
06/10/2022;175.70;179.70;180.40;175.70;776.00K;-3.14%
06/09/2022;181.40;185.00;186.06;180.72;732.11K;-2.98%
06/08/2022;186.98;188.32;188.84;184.48;473.05K;0.53%
06/07/2022;186.00;186.34;187.08;182.56;582.97K;-1.24%
06/06/2022;188.34;188.98;190.10;186.74;364.76K;0.64%
06/03/2022;187.14;188.82;191.20;186.64;485.82K;0.29%
06/02/2022;186.60;182.84;188.16;182.72;521.40K;2.28%
06/01/2022;182.44;185.96;186.40;181.76;536.50K;-1.10%
05/31/2022;184.46;184.00;187.42;183.42;2.34M;-0.19%
05/30/2022;184.82;183.44;185.86;183.10;525.26K;2.70%
05/27/2022;179.96;178.30;180.94;175.56;597.60K;1.81%
05/26/2022;176.76;173.30;177.20;173.00;578.83K;2.72%
05/25/2022;172.08;173.54;173.54;165.80;825.52K;0.51%
05/24/2022;171.20;172.72;175.28;170.84;671.63K;-2.44%
05/23/2022;175.48;176.42;177.10;172.44;563.18K;1.55%
05/20/2022;172.80;170.24;175.34;168.30;1.04M;0.54%
05/19/2022;171.88;172.32;172.68;169.54;730.99K;-2.33%
05/18/2022;175.98;183.40;184.08;175.14;782.07K;-3.99%
05/17/2022;183.30;181.90;186.82;180.44;630.02K;1.80%
05/16/2022;180.06;179.46;181.68;177.82;648.13K;-0.50%
05/13/2022;180.96;177.30;180.98;175.20;656.82K;0.27%
05/12/2022;180.48;176.56;182.10;174.90;871.04K;-0.76%
05/11/2022;181.86;176.30;183.86;175.20;915.64K;4.90%
05/10/2022;173.36;176.24;178.88;173.36;881.94K;-0.10%
05/09/2022;173.54;176.66;180.96;173.54;855.80K;-4.31%
05/06/2022;181.36;183.40;183.50;175.44;1.31M;-3.64%
05/05/2022;188.22;198.98;201.00;187.12;935.82K;-2.88%
05/04/2022;193.80;192.00;195.36;191.36;524.86K;0.80%
05/03/2022;192.26;193.88;196.52;190.26;743.30K;-0.99%
05/02/2022;194.18;190.30;196.50;189.58;608.84K;0.24%
04/29/2022;193.72;191.62;195.70;190.64;802.12K;2.91%
04/28/2022;188.24;186.86;189.10;184.12;687.61K;2.17%
04/27/2022;184.24;189.00;189.08;182.50;;-2.23%
04/26/2022;188.44;194.80;195.20;188.12;819.47K;-1.98%
04/25/2022;192.24;194.28;197.50;191.54;681.75K;-3.65%
04/22/2022;199.52;203.95;205.15;199.52;571.96K;-3.82%
04/21/2022;207.45;207.00;209.15;205.00;470.03K;-0.29%
04/20/2022;208.05;203.70;208.75;200.70;563.31K;2.14%
04/19/2022;203.70;198.88;204.75;197.76;607.03K;1.34%
04/14/2022;201.00;199.18;201.00;196.62;677.07K;1.64%
04/13/2022;197.76;198.52;199.74;194.16;755.57K;-2.29%
04/12/2022;202.40;200.00;204.40;197.36;942.04K;0.00%
04/11/2022;202.40;205.15;205.85;201.20;834.75K;-2.50%
04/08/2022;207.60;206.35;207.85;203.90;635.54K;1.91%
04/07/2022;203.70;203.15;207.10;201.50;676.91K;0.59%
04/06/2022;202.50;209.15;209.65;200.10;889.49K;-3.41%
04/05/2022;209.65;212.05;213.90;208.80;403.67K;-1.39%
04/04/2022;212.60;211.00;212.80;207.25;438.60K;1.19%
04/01/2022;210.10;212.20;213.00;209.55;557.42K;-0.85%
03/31/2022;211.90;217.95;219.15;211.15;750.98K;-2.08%
03/30/2022;216.40;218.20;218.40;213.60;694.59K;-0.64%
03/29/2022;217.80;216.95;218.05;213.40;695.53K;2.35%
03/28/2022;212.80;213.10;216.55;212.20;509.57K;0.16%
03/25/2022;212.45;213.30;216.75;211.65;705.92K;1.00%
03/24/2022;210.35;211.15;213.00;207.90;665.27K;-0.66%
03/23/2022;211.75;218.20;218.40;211.25;825.30K;-2.26%
03/22/2022;216.65;215.55;220.80;215.55;850.16K;1.45%
03/21/2022;213.55;216.50;219.80;212.50;675.90K;-1.41%
03/18/2022;216.60;214.25;216.60;210.45;1.79M;1.14%
03/17/2022;214.15;215.90;217.20;210.50;845.61K;0.26%
03/16/2022;213.60;209.20;217.70;208.20;1.06M;4.86%
03/15/2022;203.70;205.00;205.50;197.78;1.09M;-1.16%
03/14/2022;206.10;207.05;210.85;205.05;1.01M;1.03%
03/11/2022;204.00;198.64;211.30;198.64;1.45M;3.51%
03/10/2022;197.08;211.35;211.80;196.68;1.38M;-6.22%
03/09/2022;210.15;198.24;213.05;195.18;2.38M;13.63%
03/08/2022;184.94;172.18;187.06;172.00;1.94M;4.54%
03/07/2022;176.90;177.10;183.40;170.08;2.35M;-5.40%
03/04/2022;187.00;196.50;197.64;187.00;1.32M;-6.64%
03/03/2022;200.30;205.05;208.45;199.02;870.41K;-2.53%
03/02/2022;205.50;201.65;207.45;200.50;1.29M;0.56%
03/01/2022;204.35;212.35;214.80;204.05;1.19M;-3.63%
02/28/2022;212.05;209.25;212.60;206.50;1.33M;-0.84%
02/25/2022;213.85;213.15;214.35;208.45;1.29M;1.76%
02/24/2022;210.15;202.15;214.60;200.55;1.53M;-3.56%
02/23/2022;217.90;221.05;224.10;217.35;711.59K;-2.31%
02/22/2022;223.05;218.10;224.70;216.50;1.02M;-1.31%
02/21/2022;226.00;230.55;231.85;222.30;746.25K;-1.48%
02/18/2022;229.40;230.00;233.40;228.15;642.00K;-0.50%
02/17/2022;230.55;234.50;236.15;229.25;712.66K;-1.58%
02/16/2022;234.25;236.90;237.80;232.95;468.50K;-0.43%
02/15/2022;235.25;229.80;235.95;229.50;675.62K;1.77%
02/14/2022;231.15;230.40;232.75;226.65;963.58K;-2.14%
02/11/2022;236.20;240.00;242.35;235.45;708.40K;-2.76%
02/10/2022;242.90;245.95;248.10;240.80;404.42K;-0.84%
02/09/2022;244.95;241.25;246.05;241.10;496.45K;2.45%
02/08/2022;239.10;240.45;241.05;235.80;763.01K;-0.56%
02/07/2022;240.45;242.20;242.35;239.40;513.01K;0.15%
02/04/2022;240.10;242.80;243.80;239.25;702.83K;-0.89%
02/03/2022;242.25;246.75;246.95;241.10;724.88K;-1.58%
02/02/2022;246.15;245.35;247.70;244.45;546.80K;0.98%
02/01/2022;243.75;244.30;245.85;242.15;609.22K;0.62%
01/31/2022;242.25;238.60;243.70;238.35;946.00K;2.58%
01/28/2022;236.15;241.20;242.00;231.55;1.13M;-2.48%
01/27/2022;242.15;237.70;244.55;237.20;824.44K;-0.43%
01/26/2022;243.20;241.05;247.05;240.00;869.66K;2.29%
01/25/2022;237.75;243.35;244.15;235.75;1.06M;-1.25%
01/24/2022;240.75;249.20;251.30;240.50;973.51K;-3.93%
01/21/2022;250.60;250.65;255.70;248.05;867.71K;-1.98%
01/20/2022;255.65;258.20;259.95;253.10;647.89K;0.81%
01/19/2022;253.60;250.95;258.20;250.00;598.87K;-0.24%
01/18/2022;254.20;252.05;258.60;248.40;726.87K;0.61%
01/17/2022;252.65;253.95;256.95;251.95;445.16K;0.12%
01/14/2022;252.35;253.00;255.10;251.80;537.04K;-1.50%
01/13/2022;256.20;252.15;257.40;251.70;627.25K;0.87%
01/12/2022;254.00;257.00;257.55;251.40;626.17K;-0.29%
01/11/2022;254.75;249.35;258.15;249.25;1.06M;4.30%
01/10/2022;244.25;246.15;248.90;243.45;781.17K;-1.29%
01/07/2022;247.45;252.50;252.70;245.60;664.12K;-2.10%
01/06/2022;252.75;257.15;257.80;251.10;613.52K;-3.11%
01/05/2022;260.85;260.00;263.75;259.45;427.52K;0.91%
01/04/2022;258.50;259.75;262.90;258.05;463.15K;-0.23%
01/03/2022;259.10;254.35;260.15;253.95;488.05K;2.33%
12/30/2021;253.20;252.95;254.75;252.10;429.99K;-0.35%
12/29/2021;254.10;254.00;256.50;252.85;302.50K;-0.35%
12/28/2021;255.00;252.60;255.60;252.35;385.28K;0.81%
12/27/2021;252.95;250.40;254.20;249.85;339.00K;0.42%
12/23/2021;251.90;250.65;253.10;248.45;361.90K;0.90%
12/22/2021;249.65;247.00;250.15;246.15;400.71K;1.34%
12/21/2021;246.35;249.60;250.10;245.90;415.11K;0.55%
12/20/2021;245.00;246.50;247.80;242.95;567.95K;-3.05%
12/17/2021;252.70;250.00;252.90;249.10;840.15K;0.44%
12/16/2021;251.60;254.15;258.15;251.60;840.47K;0.16%
12/15/2021;251.20;248.45;253.25;247.65;485.63K;1.03%
12/14/2021;248.65;254.45;254.85;247.80;464.07K;-1.76%
12/13/2021;253.10;255.50;256.15;250.40;452.57K;-0.67%
12/10/2021;254.80;256.00;258.00;253.50;536.14K;-1.62%
12/09/2021;259.00;263.20;263.55;259.00;358.00K;-1.52%
12/08/2021;263.00;266.05;267.00;262.30;405.02K;-1.26%
12/07/2021;266.35;261.25;266.65;260.40;681.37K;4.35%
12/06/2021;255.25;251.40;257.55;250.60;584.86K;2.35%
12/03/2021;249.40;259.60;259.95;246.95;782.97K;-2.60%
12/02/2021;256.05;258.70;259.60;254.40;757.04K;-2.14%
12/01/2021;261.65;258.50;263.70;254.20;729.06K;2.39%
11/30/2021;255.55;251.50;258.75;248.40;1.27M;0.49%
11/29/2021;254.30;257.80;260.25;253.45;894.07K;0.37%
11/26/2021;253.35;257.55;260.65;252.35;1.27M;-5.45%
11/25/2021;267.95;270.20;270.45;267.60;496.74K;-0.17%
11/24/2021;268.40;270.85;272.15;266.90;661.66K;-1.27%
11/23/2021;271.85;276.20;276.85;271.25;688.50K;-2.55%
11/22/2021;278.95;283.10;283.10;278.05;469.66K;-1.20%
11/19/2021;282.35;285.00;285.00;278.60;694.50K;-0.05%
11/18/2021;282.50;284.45;285.60;281.70;605.22K;-0.72%
11/17/2021;284.55;287.55;288.00;283.85;331.78K;-0.68%
11/16/2021;286.50;281.95;287.15;281.90;403.69K;1.63%
11/15/2021;281.90;279.55;284.00;279.55;354.96K;0.46%
11/12/2021;280.60;280.65;284.00;279.35;757.98K;-0.04%
11/11/2021;280.70;280.95;285.15;279.25;717.18K;-1.34%
11/10/2021;284.50;280.80;288.40;275.20;1.52M;-3.72%
11/09/2021;295.50;294.30;296.95;292.90;480.69K;0.51%
11/08/2021;294.00;297.60;298.40;293.80;394.56K;-1.47%
11/05/2021;298.40;293.40;300.25;293.30;526.70K;1.46%
11/04/2021;294.10;293.90;296.00;292.45;514.61K;0.86%
11/03/2021;291.60;286.00;295.35;286.00;556.54K;2.08%
11/02/2021;285.65;285.00;286.80;283.10;442.89K;0.58%
11/01/2021;284.00;283.20;286.25;282.65;469.45K;0.25%
10/29/2021;283.30;282.65;283.85;279.50;666.51K;-0.26%
10/28/2021;284.05;279.60;285.00;278.90;515.45K;1.76%
10/27/2021;279.15;279.50;282.80;278.90;464.78K;-0.29%
10/26/2021;279.95;279.10;281.90;278.05;384.03K;0.94%
10/25/2021;277.35;278.60;279.80;276.65;348.88K;0.04%
10/22/2021;277.25;275.30;278.90;273.25;508.52K;0.62%
10/21/2021;275.55;267.05;276.90;266.45;600.15K;2.42%
10/20/2021;269.05;267.40;269.65;265.05;467.06K;0.26%
10/19/2021;268.35;272.50;273.40;267.75;449.10K;-0.85%
10/18/2021;270.65;272.80;273.30;269.70;530.55K;-1.37%
10/15/2021;274.40;268.50;275.50;267.85;897.68K;2.77%
10/14/2021;267.00;264.80;270.40;261.95;803.78K;1.58%
10/13/2021;262.85;260.35;265.50;258.70;538.45K;1.06%
10/12/2021;260.10;258.10;261.85;257.00;409.23K;-0.44%
10/11/2021;261.25;261.80;263.30;259.40;414.85K;-0.40%
10/08/2021;262.30;266.90;268.20;261.80;503.26K;-1.76%
10/07/2021;267.00;264.05;267.50;262.70;539.43K;1.97%
10/06/2021;261.85;261.00;263.15;257.90;673.01K;-0.70%
10/05/2021;263.70;266.45;268.10;262.85;547.33K;-0.13%
10/04/2021;264.05;265.00;266.75;261.85;733.63K;-2.29%
10/01/2021;270.25;270.00;275.35;266.85;530.32K;-0.57%
09/30/2021;271.80;272.75;275.70;271.05;683.76K;0.30%
09/29/2021;271.00;270.50;272.50;268.25;660.96K;1.59%
09/28/2021;266.75;275.00;276.70;266.45;1.10M;-4.25%
09/27/2021;278.60;284.50;287.25;277.70;556.02K;-1.21%
09/24/2021;282.00;282.25;282.80;277.55;921.13K;-2.46%
09/23/2021;289.10;286.40;291.00;284.95;530.12K;1.67%
09/22/2021;284.35;285.00;287.00;281.10;394.63K;0.62%
09/21/2021;282.60;281.40;283.75;279.60;554.99K;0.82%
09/20/2021;280.30;277.20;281.40;274.00;764.30K;-0.73%
09/17/2021;282.35;287.90;288.85;281.60;1.21M;-1.07%
09/16/2021;285.40;286.95;287.30;284.15;443.63K;0.18%
09/15/2021;284.90;292.40;293.60;283.40;835.21K;-2.95%
09/14/2021;293.55;296.40;297.30;292.05;508.53K;-1.31%
09/13/2021;297.45;299.05;301.25;296.80;425.30K;-0.54%
09/10/2021;299.05;298.90;304.25;298.00;450.40K;0.44%
09/09/2021;297.75;296.60;299.75;294.50;354.34K;0.29%
09/08/2021;296.90;300.15;301.40;296.90;409.35K;-1.33%
09/07/2021;300.90;299.05;303.40;297.40;280.46K;0.30%
09/06/2021;300.00;300.50;302.15;299.80;200.76K;0.32%
09/03/2021;299.05;301.20;303.05;295.55;413.80K;-0.80%
09/02/2021;301.45;300.80;305.30;299.60;264.86K;0.08%
09/01/2021;301.20;301.95;306.45;300.60;499.93K;0.25%
08/31/2021;300.45;303.30;304.20;297.85;694.58K;-0.53%
08/30/2021;302.05;304.45;305.00;301.70;276.16K;-0.72%
08/27/2021;304.25;304.55;306.60;302.65;247.39K;-0.26%
08/26/2021;305.05;305.75;307.35;301.45;351.04K;-0.54%
08/25/2021;306.70;309.55;310.70;306.50;315.84K;0.59%
08/24/2021;304.90;309.60;309.65;302.35;266.96K;-0.55%
08/23/2021;306.60;306.10;307.90;305.45;324.09K;1.52%
08/20/2021;302.00;302.75;303.60;298.30;413.17K;-0.45%
08/19/2021;303.35;303.00;304.25;297.40;563.31K;-1.19%
08/18/2021;307.00;310.45;310.95;304.60;396.46K;-1.51%
08/17/2021;311.70;313.60;314.05;310.85;275.06K;-0.65%
08/16/2021;313.75;316.30;316.40;311.45;360.84K;-1.74%
08/13/2021;319.30;316.70;321.05;315.55;639.85K;2.34%
08/12/2021;312.00;307.60;314.70;307.25;539.37K;1.60%
08/11/2021;307.10;309.20;309.40;305.45;419.94K;-0.57%
08/10/2021;308.85;313.10;314.05;308.00;373.83K;-1.34%
08/09/2021;313.05;310.00;315.05;308.45;384.54K;0.81%
08/06/2021;310.55;315.00;316.00;310.50;583.47K;-1.72%
08/05/2021;316.00;325.00;325.85;316.00;947.34K;-6.02%
08/04/2021;336.25;325.75;336.25;324.90;891.27K;4.18%
08/03/2021;322.75;318.75;324.20;317.00;482.69K;1.59%
08/02/2021;317.70;309.30;318.55;308.35;408.39K;3.79%
07/30/2021;306.10;305.70;308.55;304.35;490.31K;-0.81%
07/29/2021;308.60;309.25;310.20;306.85;304.49K;-0.29%
07/28/2021;309.50;308.55;310.85;307.65;323.60K;0.18%
07/27/2021;308.95;311.00;313.15;307.85;365.21K;-0.98%
07/26/2021;312.00;315.00;316.10;311.85;312.11K;-1.83%
07/23/2021;317.80;312.90;317.90;312.10;309.93K;1.76%
07/22/2021;312.30;310.30;312.50;308.85;251.87K;1.23%
07/21/2021;308.50;309.00;310.00;306.30;449.57K;1.02%
07/20/2021;305.40;307.55;309.70;303.95;412.83K;-0.02%
07/19/2021;305.45;310.10;310.10;301.40;575.11K;-2.07%
07/16/2021;311.90;318.45;319.20;309.10;474.43K;-1.25%
07/15/2021;315.85;321.75;324.10;315.25;365.91K;-2.12%
07/14/2021;322.70;321.20;323.25;318.60;313.68K;0.47%
07/13/2021;321.20;320.10;321.75;319.30;319.10K;0.03%
07/12/2021;321.10;317.95;322.45;317.50;270.20K;0.83%
07/09/2021;318.45;313.85;318.45;313.85;391.58K;1.64%
07/08/2021;313.30;316.50;317.15;309.60;503.21K;-1.68%
07/07/2021;318.65;315.00;321.95;313.30;488.48K;2.10%
07/06/2021;312.10;314.75;315.55;310.90;359.31K;-1.00%
07/05/2021;315.25;317.25;318.15;313.70;244.85K;-0.43%
07/02/2021;316.60;315.50;318.95;314.95;305.37K;0.73%
07/01/2021;314.30;315.25;320.45;313.75;419.69K;0.13%
06/30/2021;313.90;316.70;320.50;312.55;646.42K;-1.13%
06/29/2021;317.50;309.55;319.15;309.50;596.05K;2.47%
06/28/2021;309.85;311.00;312.60;308.75;422.86K;-0.48%
06/25/2021;311.35;301.25;311.35;299.20;1.22M;6.44%
06/24/2021;292.50;293.00;293.80;291.25;407.24K;0.64%
06/23/2021;290.65;291.45;293.25;288.75;328.82K;-0.02%
06/22/2021;290.70;289.00;290.95;287.25;343.73K;0.35%
06/21/2021;289.70;286.00;290.55;284.95;467.97K;0.91%
06/18/2021;287.10;292.40;294.20;286.45;950.57K;-1.63%
06/17/2021;291.85;292.45;293.50;290.85;492.96K;-0.51%
06/16/2021;293.35;293.70;293.95;289.60;404.79K;0.12%
06/15/2021;293.00;295.20;295.20;291.60;273.72K;0.00%
06/14/2021;293.00;296.95;297.00;292.70;356.23K;-0.64%
06/11/2021;294.90;293.10;296.95;291.55;475.50K;1.24%
06/10/2021;291.30;293.85;294.65;290.15;446.09K;-0.75%
06/09/2021;293.50;296.75;296.75;292.30;328.02K;-0.54%
06/08/2021;295.10;295.60;297.95;294.40;388.63K;-0.64%
06/07/2021;297.00;296.60;298.65;293.55;281.35K;0.13%
06/04/2021;296.60;298.00;299.25;295.55;325.72K;-0.79%
06/03/2021;298.95;298.55;299.85;295.35;276.56K;0.15%
06/02/2021;298.50;298.95;299.15;295.90;290.08K;0.17%
06/01/2021;298.00;300.80;301.00;296.65;456.49K;-0.12%
05/31/2021;298.35;299.00;302.90;297.65;279.49K;-0.33%
05/28/2021;299.35;298.60;299.90;295.10;315.65K;0.71%
05/27/2021;297.25;295.50;298.35;293.35;578.91K;0.07%
05/26/2021;297.05;299.00;299.35;294.45;515.05K;-0.70%
05/25/2021;299.15;304.40;304.40;299.15;555.30K;-0.93%
05/21/2021;301.95;300.00;301.95;299.10;677.86K;1.19%
05/20/2021;298.40;297.00;298.40;293.90;499.98K;1.31%
05/19/2021;294.55;293.05;295.35;289.35;629.84K;0.26%
05/18/2021;293.80;299.95;301.70;292.30;576.40K;-1.01%
05/17/2021;296.80;289.40;297.25;289.20;824.42K;2.86%
05/14/2021;288.55;289.00;290.00;285.80;438.46K;1.30%
05/13/2021;284.85;283.00;286.30;277.15;501.37K;-0.59%
05/12/2021;286.55;284.65;288.95;284.60;693.44K;0.81%
05/11/2021;284.25;283.45;285.15;280.50;823.45K;-0.77%
05/10/2021;286.45;284.90;288.60;282.10;869.59K;2.08%
05/07/2021;280.60;280.10;281.60;275.45;1.70M;8.42%
05/06/2021;258.80;260.20;261.80;254.50;582.64K;-0.31%
05/05/2021;259.60;253.15;260.15;253.00;667.21K;2.79%
05/04/2021;252.55;260.15;261.00;252.05;942.34K;-2.79%
05/03/2021;259.80;259.00;261.85;257.55;320.70K;1.15%
04/30/2021;256.85;260.40;263.25;256.60;599.27K;-1.44%
04/29/2021;260.60;260.10;265.15;259.35;511.87K;0.68%
04/28/2021;258.85;262.05;264.60;258.60;770.97K;-1.48%
04/27/2021;262.75;264.65;266.05;261.55;656.40K;-0.96%
04/26/2021;265.30;266.10;267.95;265.30;383.79K;-0.30%
04/23/2021;266.10;269.05;270.80;264.15;595.68K;-1.55%
04/22/2021;270.30;273.10;273.30;269.00;513.41K;-0.46%
04/21/2021;271.55;270.00;273.40;269.10;526.55K;0.91%
04/20/2021;269.10;276.35;277.00;268.00;723.42K;-2.92%
04/19/2021;277.20;277.80;282.65;277.00;405.12K;-0.25%
04/16/2021;277.90;276.90;279.25;273.45;670.69K;0.13%
04/15/2021;277.55;277.65;278.60;273.45;554.36K;-0.02%
04/14/2021;277.60;280.55;281.55;275.05;545.67K;-1.02%
04/13/2021;280.45;282.00;283.30;279.80;446.64K;-0.41%
04/12/2021;281.60;281.95;284.20;280.65;565.50K;0.57%
04/09/2021;280.00;276.85;282.35;275.60;744.03K;1.17%
04/08/2021;276.75;271.80;277.55;270.75;521.31K;2.31%
04/07/2021;270.50;276.00;276.00;270.50;522.75K;-1.99%
04/06/2021;276.00;276.00;277.65;272.20;707.65K;1.94%
04/01/2021;270.75;267.80;271.90;266.10;496.01K;1.71%
03/31/2021;266.20;265.50;266.60;263.70;566.36K;0.45%
03/30/2021;265.00;263.90;265.20;262.40;684.87K;0.34%
03/29/2021;264.10;261.60;268.80;261.60;745.64K;0.92%
03/26/2021;261.70;266.90;267.90;259.40;1.45M;-0.04%
03/25/2021;261.80;273.10;273.40;259.70;1.74M;-6.10%
03/24/2021;278.80;279.30;283.40;276.70;418.15K;-0.85%
03/23/2021;281.20;276.50;283.00;273.80;530.37K;1.15%
03/22/2021;278.00;279.50;282.90;277.40;561.68K;-1.07%
03/19/2021;281.00;283.90;286.50;279.60;1.33M;-2.09%
03/18/2021;287.00;285.50;288.10;284.30;593.75K;0.70%
03/17/2021;285.00;287.30;289.40;282.20;619.09K;-0.87%
03/16/2021;287.50;294.00;295.30;287.50;673.73K;-1.81%
03/15/2021;292.80;298.80;298.90;292.70;501.18K;-2.04%
03/12/2021;298.90;299.10;301.20;295.90;560.96K;-0.37%
03/11/2021;300.00;294.50;301.20;292.30;682.14K;3.34%
03/10/2021;290.30;282.00;306.80;281.70;1.12M;2.76%
03/09/2021;282.50;281.40;287.50;279.80;945.89K;0.82%
03/08/2021;280.20;273.10;282.00;271.70;702.46K;3.20%
03/05/2021;271.50;278.10;280.50;271.50;805.91K;-2.76%
03/04/2021;279.20;289.60;289.60;279.20;617.59K;-3.56%
03/03/2021;289.50;290.00;293.10;286.60;392.20K;-0.24%
03/02/2021;290.20;291.60;293.20;288.60;427.10K;-1.36%
03/01/2021;294.20;293.50;295.50;292.20;353.84K;1.83%
02/26/2021;288.90;289.90;293.00;288.00;504.42K;-1.43%
02/25/2021;293.10;290.60;295.20;289.90;394.97K;1.52%
02/24/2021;288.70;289.50;294.50;285.70;417.06K;-0.65%
02/23/2021;290.60;294.50;295.30;286.00;457.53K;-0.17%
02/22/2021;291.10;291.90;294.70;288.30;410.53K;-1.52%
02/19/2021;295.60;290.00;297.20;289.90;498.89K;2.35%
02/18/2021;288.80;290.00;293.00;288.20;401.75K;-0.72%
02/17/2021;290.90;294.20;295.50;290.50;402.46K;-1.49%
02/16/2021;295.30;297.10;297.70;292.20;427.31K;-0.81%
02/15/2021;297.70;293.40;297.90;291.90;317.40K;1.99%
02/12/2021;291.90;292.00;293.10;289.60;377.46K;-0.55%
02/11/2021;293.50;284.00;293.50;283.50;705.36K;5.05%
02/10/2021;279.40;285.00;286.00;279.40;533.41K;-1.79%
02/09/2021;284.50;279.00;284.80;278.80;408.14K;2.15%
02/08/2021;278.50;280.40;281.80;276.90;394.28K;-0.04%
02/05/2021;278.60;274.60;279.80;274.50;365.69K;1.46%
02/04/2021;274.60;274.50;278.30;273.50;426.99K;-0.15%
02/03/2021;275.00;279.90;279.90;274.20;405.36K;-1.26%
02/02/2021;278.50;275.40;279.10;273.10;590.03K;2.81%
02/01/2021;270.90;264.50;273.50;264.00;615.63K;3.40%
01/29/2021;262.00;262.50;265.30;259.40;779.18K;-1.36%
01/28/2021;265.60;268.10;271.50;265.60;708.56K;-1.88%
01/27/2021;270.70;276.00;276.80;263.70;859.87K;-2.17%
01/26/2021;276.70;269.00;279.50;269.00;597.75K;2.86%
01/25/2021;269.00;277.60;277.60;268.70;651.12K;-3.24%
01/22/2021;278.00;284.00;286.00;278.00;565.79K;-2.49%
01/21/2021;285.10;286.00;287.60;283.30;433.15K;0.07%
01/20/2021;284.90;288.70;290.30;284.80;507.87K;-0.45%
01/19/2021;286.20;296.40;296.80;286.20;457.97K;-3.05%
01/18/2021;295.20;279.70;295.20;279.50;617.53K;4.76%
01/15/2021;281.80;288.10;288.10;278.50;811.80K;-2.76%
01/14/2021;289.80;290.00;291.60;288.50;399.63K;1.05%
01/13/2021;286.80;288.10;289.40;284.50;406.16K;-0.49%
01/12/2021;288.20;292.30;295.30;287.80;381.80K;-1.27%
01/11/2021;291.90;293.30;294.80;289.80;386.95K;-1.08%
01/08/2021;295.10;292.30;296.80;292.00;425.76K;2.29%
01/07/2021;288.50;294.00;294.10;288.50;362.81K;-1.10%
01/06/2021;291.70;290.70;292.70;286.80;392.60K;0.73%
01/05/2021;289.60;292.90;295.40;288.20;436.59K;-1.96%
01/04/2021;295.40;300.00;300.50;293.00;440.36K;-0.84%
12/30/2020;297.90;298.50;300.20;297.70;211.08K;-0.53%
12/29/2020;299.50;301.10;302.70;298.60;308.57K;0.07%
12/28/2020;299.30;297.00;299.30;295.20;291.82K;1.94%
12/23/2020;293.60;293.70;294.30;290.50;233.81K;0.03%
12/22/2020;293.50;289.80;293.50;288.10;361.68K;2.09%
12/21/2020;287.50;286.90;289.40;280.00;717.15K;-0.83%
